ID,Name,Age,Email,Score
1,null,51,user0#notanemail,4.28
2,kftsQID,52,user1@test.org,60.86
3,none,32,not_an_email,NA
4,EfLtRCj,50,null,44.92
5,LUfVzhq,29,not_an_email,78.49
6,ADPSlBS,51,not_an_email,54.4
7,,99,user6@test.org,6.98
8,yRmjlMx,0,not_an_email,94.21
9,tTJZszt,38,user8@test.org,50.96
10,LovYpZU,20,user9@mail.net,63.26
11,hiTUSMB,42,user10@mail.net,-15
12,FtKOCGm,21,user11@test.org,90.95
13,hqdazNb,60,user12@test.org,28.67
14,null,51,user13@example.com,69.8
15,aBpRLGZ,59,user14@mail.net,38.52
16,YvbsxgZ,44,user15#notanemail,91.44
16,YvbsxgZ,44,user15#notanemail,91.44
17,MTNdvqU,33,user16@example.com,52.4
18,USiDaZO,37,user17@mail.net,24.26
19,CjZcSaT,63,user18@test.org,46.95
20,aTONUif,NA,user19#notanemail,NaN
21,WcckoFr,19,user20@test.org,18.94
22,tAoGIPp,29,user21@example.com,30.77
23,drhJCyc,57,user22@mail.net,75.85
24,foGTpBa,47,user23@example.com,40.33
25,12345,null,user24@test.org,13.03
26,LKWdBTR,53,user25@example.com,6.01
27,zqLsdpB,48,user26@example.com,5.3
28,NrDEOXR,999,user27@test.org,null
29,NFqskcm,27,user28@test.org,91.06
30,VTnNYWW,26,user29@mail.net,28.66
31,pdUpoFj,34,user30@mail.net,-15
31,pdUpoFj,34,user30@mail.net,-15
32,XrBqFfP,28,user31@test.org,1.06
33,null,31,user32@test.org,46.19
34,wSwaCZo,41,user33@example.com,19.73
35,YOMtxxz,49,user34@mail.net,36.01
36,uTsOcRH,22,user35@example.com,abc
37,UgzhfQN,48,user36@test.org,1000
38,NaN,25,not_an_email,none
39,JLyxETw,44,user38#notanemail,23.33
40,zIwQPxP,52,user39@mail.net,none
41,gvxGMMS,46,user40#notanemail,
42,xbHOwlW,44,user41@test.org,33.88
43,TMHQnHk,52,user42@mail.net,47.32
44,GDaRDoB,40,user43@test.org,5.23
45,KiqajQS,46,user44@mail.net,67.07
46,vaQlzXK,23,NaN,55.06
47,EYvpvHd,,user46#notanemail,39.47
48,ZyeYouD,46,user47#notanemail,15.67
49,etRvGDf,21,user48@test.org,null
50,VfPBndx,,,35.74
51,uEXGigi,24,user50@mail.net,43.94
52,12345,61,user51@mail.net,88.19
53,UIOTriA,42,user52@mail.net,2.38
54,gYbpFgt,40,user53@test.org,21.31
55,dMTyfsQ,31,user54@mail.net,55.13
56,cWPWsNP,58,user55@mail.net,81.04
57,wATZayk,26,user56@example.com,43.03
58,RZyZXbl,999,user57@mail.net,29.18
59,DQdRSZo,48,user58@example.com,92.08
60,PHhIMXe,39,user59@mail.net,74.02
61,nECopEB,28,user60@example.com,35.65
62,RWhSFrY,NaN,user61@test.org,59.28
63,zbfDCkf,59,user62@example.com,65.16
64,RhnIPhQ,32,user63@example.com,6.04
65,JyfOIEt,44,user64@example.com,31.55
65,JyfOIEt,44,user64@example.com,31.55
66,XETWYIT,21,user65@example.com,63.02
67,IEdKsHW,37,user66@test.org,66.84
68,nyfchQg,22,user67@test.org,87.27
69,IpwAktj,54,user68@mail.net,4.14
70,HnYZIMl,23,user69@mail.net,42.55
71,LsOPWIv,24,user70@example.com,84.87
72,xYwtMhl,25,user71@test.org,23.28
72,xYwtMhl,25,user71@test.org,23.28
73,bUszwKW,21,user72@example.com,19.25
74,XoYrpSR,44,user73@example.com,59.65
75,null,34,user74@example.com,47.12
75,null,34,user74@example.com,47.12
76,rVoVktt,37,not_an_email,36.45
77,,54,user76@example.com,43.63
78,TLCPwEa,35,user77@test.org,171.37
79,KpMlPGZ,59,user78@example.com,51.3
79,KpMlPGZ,59,user78@example.com,51.3
80,xOpiiCi,50,user79@mail.net,24.4
81,none,51,user80@mail.net,94.06
82,FnagFmx,0,user81@example.com,5.28
83,EjOEVDU,36,user82@test.org,none
84,FsKXCjR,32,user83@test.org,57.03
85,dJQwKUR,37,user84@example.com,56.66
86,ZzrhznC,,user85@test.org,34.21
87,jQhvMag,25,user86@example.com,9.31
88,UjlchcD,59,user87@example.com,82.39
89,12345,24,user88@test.org,17.61
90,VpmEvQN,27,user89@example.com,10.18
91,null,63,none,-15
92,eYkCbXC,51,user91@test.org,37.32
93,uHSQbQg,45,user92@example.com,32.23
94,dvTVzGq,25,user93@test.org,53.45
95,QYmrlzt,42,user94@test.org,25.59
95,QYmrlzt,42,user94@test.org,25.59
96,eKmZhmF,999,none,NA
97,lhBYvkv,48,user96@mail.net,
98,QGYHQyX,21,user97@mail.net,29.36
99,KcznwMd,20,user98@example.com,86.26
100,LYfmxDZ,49,NA,80.93
101,YsbBqiQ,NaN,user100@mail.net,49.42
102,sZsodcl,30,user101@test.org,1000
103,zfXzdIr,24,user102@example.com,1000
104,CIoAYKW,0,user103@test.org,49.91
105,YhuLQoU,20,user104@test.org,70.67
106,eQIhxAZ,20,user105@mail.net,48.55
107,12345,39,user106@mail.net,6.15
108,Iaseodj,61,user107@test.org,60.57
109,gbmdcAW,32,user108@test.org,-15
109,gbmdcAW,32,user108@test.org,-15
110,NA,56,user109@test.org,10.38
111,none,41,user110@test.org,75.98
112,bBdLBYa,44,user111@mail.net,47.08
113,NA,NaN,user112@test.org,52.81
114,HCJGnEo,999,user113@mail.net,73.36
115,12345,26,user114@example.com,79.25
116,twlPCvE,61,user115@example.com,28.79
117,FNiUwBg,37,user116@example.com,61.28
118,LvPSTRf,30,user117@test.org,47.55
119,WepIowc,64,user118@test.org,82.14
120,,39,user119@example.com,48.53
121,MspJHCl,36,user120@mail.net,99.29
122,gmfHtbO,21,user121@example.com,76.79
123,ksMzLsA,25,not_an_email,42.15
124,AMXfDqO,65,NA,NaN
125,AtRAAmx,58,user124@mail.net,38.45
126,krfSFiq,-5,user125@mail.net,46.92
127,DBfkjpu,53,user126@example.com,4.41
128,EehpImy,40,user127@example.com,3.34
129,TpUgpuB,52,user128@mail.net,34.76
130,jgvpxMd,50,user129@test.org,14.13
131,puSHTVL,999,user130@test.org,44.45
132,NA,23,user131@example.com,18.31
133,XLLTvIj,63,user132@mail.net,47.6
134,TVUqoMo,22,user133@test.org,10.58
135,MKoHLAW,62,user134@example.com,62.92
136,,53,user135@test.org,93.44
136,,53,user135@test.org,93.44
137,SscAjbH,20,user136@mail.net,78.63
138,rZjCJfG,20,user137@test.org,21.23
139,IszMqLK,53,user138@example.com,50.48
140,XkxLRRk,25,user139@mail.net,52.6
141,urliwKq,60,user140#notanemail,78.71
142,GmWPkip,25,user141@example.com,34.61
143,ycZbLvT,61,user142@example.com,82.51
144,zoqpGgE,40,user143@example.com,26.7
145,qZEpvGx,999,user144@mail.net,
146,lHbJhJO,35,user145@test.org,22.03
146,lHbJhJO,35,user145@test.org,22.03
147,KTkCkqk,41,user146@example.com,12.04
148,iipHIwA,64,NaN,59.28
149,TWDuPUV,42,not_an_email,21.56
150,YtASEOW,28,user149@example.com,11.55
151,VWnLcbD,30,user150@mail.net,52.13
152,jBIdwRA,NaN,user151@example.com,52.0
153,GyMwvtg,25,user152@example.com,87.89
154,gHAArZo,39,user153@example.com,41.45
155,nFIBMNW,23,user154#notanemail,NaN
156,fWYHrYu,63,NA,abc
157,EJsLQOo,28,user156@mail.net,29.47
158,lvXCpYb,57,user157@test.org,36.27
159,EFvRIbf,38,user158@mail.net,180.59
160,ZjZdthb,40,user159@example.com,37.89
160,ZjZdthb,40,user159@example.com,37.89
161,12345,55,user160@mail.net,65.01
162,null,60,user161@mail.net,7.38
163,GXZLdUn,26,user162@test.org,64.74
164,XNdZUgc,35,user163@example.com,41.3
165,acdeEUJ,-5,user164@example.com,3.01
166,YxaGdiY,0,user165@mail.net,46.19
167,nQBrdHA,56,user166@test.org,91.49
168,aWhxZrX,64,not_an_email,75.43
169,12345,32,user168@mail.net,21.73
170,null,31,user169@example.com,48.08
171,mAonNVZ,50,user170@mail.net,23.31
172,dJpOIkj,24,user171@mail.net,94.09
173,BZaQFjt,149,user172@test.org,57.66
174,ixojfWU,52,user173@test.org,10.03
175,fYUrkRl,60,user174@example.com,13.1
176,dzNncSZ,0,none,27.76
177,none,36,user176@mail.net,160.66
178,sHkPrSL,65,,17.92
179,pcCazyO,52,user178@test.org,71.55
180,TnjGUki,22,user179@example.com,66.23
181,tQDubJF,25,user180@example.com,16.69
182,PWauFKm,45,user181@mail.net,abc
183,edKjmIl,25,user182@example.com,92.4
184,rbQJfCS,19,user183@mail.net,50.15
185,hRBcVyY,27,user184@mail.net,34.19
186,VoIBfXH,19,user185@example.com,68.92
187,12345,52,user186@test.org,86.07
188,ilMsqBR,NaN,user187@example.com,19.55
189,VxldCen,49,user188@test.org,94.67
190,DGPJyYo,27,user189@mail.net,46.92
191,rbYNvkV,35,null,1.47
192,izvTpDy,NaN,null,34.35
193,LxURSjj,37,user192@example.com,35.38
194,qDQiBhC,27,user193@mail.net,abc
195,OapRNMV,37,user194@test.org,10.92
196,12345,null,user195@test.org,59.84
197,ZRAoCAj,999,user196@mail.net,NA
198,stSeTHh,none,user197@test.org,61.53
199,gCbyBMu,39,user198@test.org,-15
200,,22,user199@test.org,13.71
201,QVnQrGt,-5,user200@test.org,88.02
202,qXeiSwu,39,user201@mail.net,NaN
203,bupomib,58,user202@example.com,3.7
204,xzGwTWE,48,not_an_email,69.9
205,rZvmKaC,47,user204@example.com,57.06
206,nhrkdfA,64,user205#notanemail,abc
207,aBajyUS,48,not_an_email,null
208,phfCHNi,40,user207@example.com,70.36
209,inFuYlD,49,not_an_email,3.45
210,Weqrmag,56,user209@mail.net,12.02
211,CbeQsGm,34,user210@example.com,54.27
212,bYOlmNH,23,user211@example.com,73.14
213,WOhdfJK,23,user212@test.org,96.92
214,CprraSi,59,user213@mail.net,145.74
215,RgUtkNl,33,user214@example.com,87.03
216,birYede,45,user215@example.com,27.82
216,birYede,45,user215@example.com,27.82
217,hSUfMLF,44,user216@mail.net,NaN
218,VhAKxyr,55,user217@example.com,38.67
219,vxsrEhk,41,NA,98.87
220,12345,26,user219@example.com,83.39
221,ZJRNQaR,33,NaN,15.32
222,JmxgLcV,-5,user221@example.com,31.19
223,afPqakP,24,user222#notanemail,59.08
224,mIOtobl,27,user223@example.com,74.16
225,12345,21,user224@mail.net,85.52
226,LZmFNba,59,user225@example.com,17.68
227,VxDRmrh,61,user226@mail.net,30.42
228,HQNWDrB,18,user227@test.org,85.78
229,tOoMkRP,36,user228@example.com,98.66
230,EiPpsHI,40,user229@test.org,14.33
231,12345,33,user230@example.com,89.11
232,MydtEdM,58,user231@mail.net,66.83
233,LmsBRzG,48,NA,12.36
234,RNRGFjn,NA,user233@test.org,43.45
235,,0,not_an_email,97.0
236,UUQcEeZ,null,user235@example.com,20.46
237,GLVqGdf,47,user236@example.com,9.6
238,ixgtxBO,45,user237@mail.net,15.72
238,ixgtxBO,45,user237@mail.net,15.72
239,fsEaZfu,36,user238@example.com,71.81
240,NaN,48,not_an_email,27.41
241,cMnZhCB,44,user240@mail.net,87.17
242,NaN,53,user241@example.com,20.9
243,YwtkSHo,32,user242@mail.net,32.51
244,yfpeejb,60,user243@mail.net,2.82
245,FKIvWpk,103,user244@mail.net,30.41
246,SwrJado,50,user245@example.com,11.1
247,cMngdDu,NA,not_an_email,33.66
248,IuVoCPY,58,user247@example.com,78.82
249,WSNSgrW,49,user248@test.org,88.41
250,YngJHuP,40,user249@mail.net,5.57
250,YngJHuP,40,user249@mail.net,5.57
251,FOOPvqo,51,user250@example.com,68.27
252,NaN,52,user251@test.org,29.36
253,qEPrkYu,36,user252@test.org,77.85
254,IOBKPpP,57,not_an_email,57.32
255,vDXRDyc,48,user254#notanemail,78.97
256,LSwxcvy,21,user255@test.org,73.82
257,zaZokUM,26,user256@example.com,75.13
258,ZyfeKSi,none,user257@mail.net,95.98
258,ZyfeKSi,none,user257@mail.net,95.98
259,kDJBWoj,21,user258@mail.net,null
260,ypsmAIW,39,user259#notanemail,
260,ypsmAIW,39,user259#notanemail,
261,null,45,user260#notanemail,63.6
262,FJmqUcw,61,user261@test.org,31.67
262,FJmqUcw,61,user261@test.org,31.67
263,JUMYdiT,52,user262@example.com,none
264,gmxsfJU,null,user263@mail.net,50.13
264,gmxsfJU,null,user263@mail.net,50.13
265,gMDfMSc,51,user264@example.com,41.36
266,oRlwpci,39,user265@example.com,24.46
267,shxxVuT,58,user266@mail.net,75.92
268,12345,18,user267@test.org,50.43
269,RjFjUlW,37,user268@mail.net,null
270,gRTIfyu,-5,user269@mail.net,90.63
271,NaN,42,user270@mail.net,55.18
272,OPzIKzx,58,user271@mail.net,66.61
273,VaQPHXh,18,user272@test.org,5.09
274,WlqyUeb,65,user273@test.org,87.97
275,DrHDARN,26,user274@test.org,13.76
276,hQqinZH,53,user275@example.com,15.96
277,ySdABQH,62,user276@test.org,49.21
278,GuvMFTd,38,user277@mail.net,38.41
279,ZYFVtcz,26,user278@mail.net,93.94
280,FQTTbYf,34,user279#notanemail,20.06
281,ZyijvdV,62,user280@test.org,93.91
282,meAvxOG,36,user281@example.com,NA
283,NA,24,user282@test.org,42.01
284,hgdOpso,39,user283@mail.net,1.19
285,zrBJQBn,26,user284@mail.net,69.92
286,jzLypMA,29,user285@test.org,none
287,iYpafGL,56,not_an_email,70.66
288,rMZeVAa,28,user287@test.org,29.27
289,eHsalZH,45,user288@example.com,46.85
290,PnhWNwj,48,not_an_email,
291,UscsJii,46,user290@test.org,-15
292,PpRYWaa,61,user291@example.com,56.25
293,RyEJlWb,63,user292@example.com,72.17
294,jjMPqDx,27,user293@mail.net,7.56
295,rDOyzLS,18,user294@test.org,49.08
296,KQYOCoG,42,user295@mail.net,27.22
297,SznRZOm,40,user296@test.org,47.68
297,SznRZOm,40,user296@test.org,47.68
298,12345,63,user297@test.org,81.04
299,FqpXVzp,40,not_an_email,86.85
300,FtElpVq,19,user299@example.com,98.18
301,ppfeZxf,53,user300@mail.net,NA
302,null,,user301@test.org,
303,wKVOzLa,40,user302#notanemail,91.31
304,ymvrxlz,53,not_an_email,none
305,qvUgVnP,20,user304@test.org,57.09
306,TPtTHkK,57,user305@mail.net,86.97
307,QicqiHl,39,user306@example.com,46.37
308,Aogjupp,25,user307@example.com,67.99
309,iarvXgq,38,user308@mail.net,10.26
310,nIkNOKN,37,user309@mail.net,-15
311,csFKnOA,NaN,user310@mail.net,16.89
312,oEaCCPN,40,user311@example.com,NaN
313,sYmokxE,NA,user312@test.org,65.07
314,LnXoGSk,59,user313@mail.net,11.43
315,yRAdBMa,29,user314@mail.net,40.71
316,VuSmxgL,61,user315@example.com,41.43
317,YjifmAT,64,user316@example.com,94.84
318,12345,34,user317@example.com,94.97
319,ZzZIHbD,64,user318@test.org,56.76
320,null,19,user319@example.com,55.71
321,rBpIkpv,41,user320@mail.net,21.3
322,aWkHygL,,none,98.93
323,NaN,26,user322@test.org,80.39
324,12345,39,user323@mail.net,13.0
325,VKIzjqg,0,user324@test.org,53.11
326,mDiTsNb,40,user325@example.com,99.85
326,mDiTsNb,40,user325@example.com,99.85
327,none,26,user326@example.com,28.09
327,none,26,user326@example.com,28.09
328,NaN,23,user327@example.com,32.68
329,YXkEdof,33,user328@example.com,87.36
330,YshAEdf,38,user329@test.org,57.25
331,TJrPRkF,37,user330@mail.net,49.85
332,JAwkFlE,none,user331@mail.net,56.62
333,yrVpovZ,48,user332@example.com,5.93
334,USCKxVE,25,user333@test.org,5.04
335,siRCLJK,30,not_an_email,89.26
336,lHlBViK,,user335@mail.net,57.97
337,CylbVsp,30,user336@test.org,-15
338,hXZYJet,37,user337@mail.net,65.16
339,WmyDjOy,27,user338@test.org,0.84
340,SheJlAg,60,user339@example.com,39.65
341,hxRsOal,27,user340@example.com,82.2
342,uGyZYDb,46,user341#notanemail,23.42
343,uPRrbml,null,user342@example.com,78.19
344,wiQzUjq,25,user343@mail.net,18.55
345,gsSBPnh,18,user344@mail.net,1000
346,mZXzHYc,23,user345@mail.net,51.41
347,UqhQqji,36,user346@example.com,143.54
348,uFdKKsY,27,user347@mail.net,83.65
349,kVQtgBe,999,NaN,24.87
350,AqApAGE,23,user349@test.org,85.75
351,NpnADQu,52,null,51.01
352,cKSPdOC,60,user351@mail.net,30.61
353,QzuEebJ,54,user352@test.org,15.25
354,12345,52,user353@example.com,19.71
355,oCZzaKM,43,user354@mail.net,44.71
356,NCWJPEf,52,user355@example.com,58.46
357,pPpaghg,55,user356@example.com,27.02
358,KuESYls,38,user357@test.org,65.53
359,NppnTjI,40,user358@test.org,60.06
359,NppnTjI,40,user358@test.org,60.06
360,12345,33,NA,7.64
361,qdZJPch,59,NA,62.74
362,dKZZPPu,20,user361@mail.net,
363,YHkenVK,65,user362@test.org,71.38
364,NA,999,user363@mail.net,37.81
365,WujRitE,26,user364@test.org,41.44
366,NA,41,user365#notanemail,6.93
367,RIRysVu,56,user366@test.org,35.82
368,gZnadXC,19,user367@mail.net,74.82
369,QQqkqSQ,33,user368@example.com,54.35
370,KQLGYmg,37,null,1.12
371,uIASCyv,38,NA,87.66
372,teJCrNN,27,user371@example.com,2.15
373,kkKAbyw,29,user372#notanemail,99.43
374,KfTvRKp,18,user373#notanemail,75.63
375,uhAVyUw,55,user374@mail.net,5.51
376,bEfbEfs,45,user375@mail.net,36.64
377,vSBotfi,NA,user376@mail.net,53.8
378,none,,user377#notanemail,89.19
379,ZCyiveZ,22,user378@mail.net,12.45
380,tjrhBCK,44,user379@test.org,none
380,tjrhBCK,44,user379@test.org,none
381,NrSgFcC,47,user380@mail.net,NaN
381,NrSgFcC,47,user380@mail.net,NaN
382,WGVDoxO,50,user381@example.com,4.16
383,BGKODJw,NA,user382@mail.net,41.39
384,ZAGQllf,18,user383@mail.net,61.77
385,qnfjNzq,none,user384@example.com,9.6
386,Pkknhue,60,user385@example.com,92.68
387,sqAEdbt,,user386#notanemail,46.13
388,vLYpxAU,NaN,user387@example.com,null
389,XfosVSV,51,user388@test.org,7.75
390,ogdELAG,59,user389@mail.net,18.58
391,gSQENtF,56,user390@test.org,null
392,BPQRiqG,42,user391#notanemail,NA
393,LIDDRkF,19,user392@example.com,141.97
394,IOiylQS,20,user393@mail.net,47.58
395,ihYQqYt,59,null,35.71
396,vNjPkqB,64,user395@test.org,NA
397,YGzwUMS,none,user396@mail.net,18.12
398,NA,25,user397@mail.net,74.06
399,sYsvdGL,18,user398@test.org,15.27
400,hWPPTlh,19,user399@test.org,36.32
401,kLhwkor,56,user400@mail.net,36.92
402,TmRkNHk,24,user401@example.com,30.96
403,DifJYNd,52,user402@example.com,NaN
404,nNFQALn,58,user403@test.org,6.37
405,null,34,user404@test.org,1000
406,plwYeir,0,not_an_email,92.41
407,UsXZYxN,52,user406@example.com,abc
408,baAPaec,22,user407#notanemail,39.67
409,EGErSqi,-5,user408@example.com,2.85
410,oIXGEsl,46,user409@example.com,97.56
411,zfpXkwr,50,user410#notanemail,1000
412,NaN,57,user411@test.org,35.93
413,XbYZAlt,26,user412@example.com,1000
414,none,51,user413@mail.net,34.78
415,YKbptnr,63,user414@example.com,49.46
416,CzcNacJ,27,user415@test.org,NaN
417,ORmyGMI,39,user416@example.com,89.2
418,12345,0,not_an_email,14.1
419,weArImd,64,user418@mail.net,70.58
420,wxhbSFH,22,user419@example.com,20.77
421,VeMPvAb,20,user420@mail.net,86.28
422,IGLpMEp,43,user421@test.org,64.13
423,zgVxcCz,22,user422@example.com,96.67
424,wtflUkq,45,user423@mail.net,NaN
425,kzUNkxQ,20,user424@mail.net,49.16
426,ZAdqxWC,24,user425@example.com,51.9
427,OyKNCAv,27,user426@example.com,53.07
428,fkGiAgS,38,user427@example.com,45.7
429,nzBhkNT,48,user428@example.com,61.54
430,WYrpyqR,21,user429@mail.net,90.74
431,RVpFZmU,35,user430@example.com,97.51
432,gRlBska,42,user431@mail.net,9.91
433,bXFEfTQ,35,null,95.92
434,tZwjgqM,none,user433@example.com,88.24
435,UeqcAVn,999,user434#notanemail,84.23
435,UeqcAVn,999,user434#notanemail,84.23
436,tJlzzQW,52,user435@example.com,35.89
437,lbQCMQq,26,user436@test.org,37.72
438,vyPjADe,19,user437@example.com,16.73
438,vyPjADe,19,user437@example.com,16.73
439,null,35,user438@mail.net,48.08
440,aWsLyeC,49,user439@example.com,76.06
441,TSVBqAJ,56,not_an_email,69.75
442,none,20,user441@mail.net,47.14
443,gLaHzrf,97,user442@example.com,72.18
444,qExgiiJ,62,user443@test.org,39.12
445,eAagPnv,38,user444@example.com,none
446,wCGcHCc,21,user445@mail.net,14.67
446,wCGcHCc,21,user445@mail.net,14.67
447,QJFWKyp,32,user446@example.com,84.61
448,atWLMfE,47,not_an_email,54.36
449,HEyjNBG,19,user448@test.org,28.14
450,UBdbAjv,45,user449@example.com,54.86
451,wgkzhap,38,user450@test.org,null
452,YpWcZyx,,user451@test.org,67.74
453,xNYXtto,19,user452@test.org,38.63
454,AIBssiX,29,not_an_email,57.33
455,CldYZdh,61,user454@mail.net,79.85
456,upeedKo,26,user455@example.com,66.0
457,ovvErFl,30,user456@example.com,91.82
457,ovvErFl,30,user456@example.com,91.82
458,mZXagxR,30,user457@mail.net,21.93
459,jydcjrz,38,user458@example.com,7.51
460,sUnJsjI,54,not_an_email,9.16
461,ZaYIkJG,49,user460@test.org,25.26
462,odiFBDE,34,user461@mail.net,15.3
463,qjqnKws,52,user462@mail.net,30.87
464,rlUvcAy,none,user463@test.org,30.67
465,YlBkneS,44,user464@example.com,55.23
466,HSRgFFz,24,user465@mail.net,38.47
467,zrBfhcP,33,user466@example.com,91.66
468,wjVZRmp,30,user467@test.org,1000
469,null,57,user468@test.org,95.93
469,null,57,user468@test.org,95.93
470,LZstVZG,65,user469@mail.net,79.14
471,AxIjyFD,61,user470@example.com,58.61
472,12345,44,user471@test.org,0.27
473,nkgUPlq,58,user472@mail.net,85.66
474,kSqjeMk,28,user473@test.org,4.33
475,hySUISa,53,user474@test.org,8.31
476,YhKaICB,24,user475@test.org,136.14
477,kabNxBt,21,user476@mail.net,43.82
477,kabNxBt,21,user476@mail.net,43.82
478,TmxtBHU,26,user477@test.org,50.31
479,HGawyQU,57,user478@mail.net,5.52
480,awwJkIA,43,user479@mail.net,68.64
481,oGTtMhC,22,user480@mail.net,168.75
482,ANVFPtN,999,user481@test.org,16.72
483,BmVhMjs,27,user482@example.com,185.79
483,BmVhMjs,27,user482@example.com,185.79
484,vNgNlTS,none,user483#notanemail,98.1
485,JFSNcZI,41,not_an_email,166.23
486,,63,user485@test.org,58.15
487,LEHjLyD,33,user486@test.org,83.74
488,AfaYdjX,47,user487@mail.net,49.07
489,12345,30,user488@mail.net,73.6
490,ADiXAfl,37,user489@example.com,21.65
490,ADiXAfl,37,user489@example.com,21.65
491,KKyzFjO,none,user490@mail.net,85.92
492,MSnDNYy,,user491@test.org,81.51
493,geCHfDY,21,user492@mail.net,33.95
494,YVjHwJA,999,user493@example.com,32.33
495,UdXpqsE,26,user494@example.com,49.17
496,gKHhlGh,-5,none,27.58
497,voqoQAk,23,user496@mail.net,49.61
498,oFTBKXv,28,user497@mail.net,96.28
499,wScRodp,22,user498@example.com,none
500,RbHOaZO,63,user499@example.com,36.01
501,rnrfvSC,56,user500@example.com,18.66
501,rnrfvSC,56,user500@example.com,18.66
502,UxcOAwT,59,user501@test.org,-15
503,uuznyPE,49,user502@example.com,30.69
504,YamJXZT,56,user503@test.org,8.1
505,MPSaWtO,59,user504@test.org,78.48
506,wWImiHB,28,user505@mail.net,93.6
507,QHoKNby,26,user506@mail.net,41.83
508,xkivolL,54,user507@test.org,93.76
509,NaN,31,user508@test.org,77.65
510,GtyObYV,40,not_an_email,97.5
510,GtyObYV,40,not_an_email,97.5
511,ZrPwoRK,18,user510#notanemail,47.28
512,IbvlbaL,64,user511@mail.net,40.37
513,jJvaeqQ,63,user512@mail.net,4.45
514,zlVKnNk,null,user513@example.com,2.58
515,SeJySIs,NaN,user514@mail.net,
516,gasmDDh,0,user515@example.com,63.75
517,UcKyJGT,,user516@test.org,51.94
518,ZRRfbgK,44,user517@mail.net,95.01
519,fZWtcbX,0,user518@example.com,85.14
520,TbzsdlC,104,user519@test.org,8.93
521,12345,39,user520@mail.net,7.16
522,hBJAcUZ,57,user521@test.org,19.43
523,OCLZhUT,26,user522@test.org,35.16
524,vzSBlmo,50,user523@test.org,null
525,BLzPoQD,36,user524@mail.net,92.14
526,gqjkCMq,23,user525@mail.net,18.97
527,kyjXdYf,40,user526@example.com,96.53
528,ZzeJcSQ,65,user527@example.com,24.39
529,null,24,user528@mail.net,4.58
529,null,24,user528@mail.net,4.58
530,dmbPEkT,NA,user529#notanemail,33.82
531,dnPhBUy,57,user530@example.com,6.09
532,nDPNoIW,59,user531@example.com,47.02
533,dgeNBqk,52,user532@test.org,18.54
534,dtueuie,38,user533@mail.net,6.31
535,YOusWGo,NaN,user534@mail.net,-15
536,vOMWyYK,19,user535@mail.net,45.65
537,OeCzrxN,22,user536@example.com,
538,qenxBcb,44,user537@mail.net,40.58
539,null,52,user538@test.org,7.02
540,TXBWIut,59,user539@example.com,abc
541,HUTmfhO,52,user540@example.com,null
542,NA,-5,user541@mail.net,21.84
543,nasPAMN,22,user542@example.com,NaN
544,zfJZkPN,null,user543@mail.net,66.69
545,znLoZoU,32,user544@example.com,54.52
546,WasmKRP,48,user545@test.org,9.68
547,WEmrFJX,40,user546@test.org,69.46
548,nzQvXvu,61,user547@test.org,73.8
549,TNHlSoz,25,none,12.55
550,OJFduxM,65,user549@mail.net,15.03
551,cLBPsqJ,40,user550#notanemail,null
552,gxGlFLg,36,user551@test.org,91.17
553,lJtfbzY,24,user552@test.org,NA
554,ttEfYLj,36,user553@test.org,64.82
554,ttEfYLj,36,user553@test.org,64.82
555,HeVMnVj,48,user554@mail.net,10.43
556,opaLRnc,53,user555@test.org,76.69
557,OquurVp,60,user556@test.org,7.33
558,hZPYUWJ,65,user557@example.com,63.52
559,vAeCDnp,42,not_an_email,45.89
560,CZZmyLO,55,user559@example.com,24.0
561,QohBOvh,52,user560@mail.net,40.67
562,ZIzDnPJ,57,user561@example.com,14.6
563,coTOAdN,50,user562@mail.net,29.08
564,NwxUvUX,44,user563@test.org,2.04
565,XvcTVsl,27,user564@example.com,62.87
566,cjKTaXA,NA,user565@mail.net,97.23
567,tEiTjZo,54,user566#notanemail,35.36
568,AtnwFGb,37,user567@example.com,28.86
569,NVsuNov,23,user568@mail.net,83.4
570,tPItgLL,20,null,51.18
571,NIeiMaA,52,none,16.61
572,LuQRgSa,999,user571@example.com,72.63
573,vUUeDIi,35,user572@test.org,70.0
574,PPzpMDO,23,user573@example.com,9.69
575,NaN,34,user574@example.com,63.91
576,12345,57,user575@test.org,47.82
577,ohOpuxp,28,user576@example.com,16.92
577,ohOpuxp,28,user576@example.com,16.92
578,rQhHxPD,46,user577@example.com,77.33
579,zyxcPHi,51,user578@mail.net,54.91
579,zyxcPHi,51,user578@mail.net,54.91
580,FDZbZbv,53,null,82.54
581,,none,user580@test.org,19.11
582,jndsYea,41,user581@mail.net,98.69
583,hAmSqea,59,NaN,63.08
584,EJqbKdy,30,not_an_email,22.71
585,NaN,46,user584#notanemail,38.38
585,NaN,46,user584#notanemail,38.38
586,meGJlID,53,user585@test.org,92.15
587,pmRdmKW,46,user586@example.com,abc
588,eGdAFIA,38,user587@test.org,68.66
589,xXTYrNJ,43,user588@mail.net,91.17
590,bwjMrdu,21,,43.44
591,hIZiEWq,19,user590@test.org,72.19
592,qOnXPng,19,user591@test.org,39.98
593,ppXfhXN,61,user592@mail.net,76.11
594,McHHFej,48,user593@mail.net,16.92
594,McHHFej,48,user593@mail.net,16.92
595,PIrwnSk,60,user594@mail.net,5.48
596,SZytuIr,37,user595@test.org,21.8
597,nfLWFTO,27,user596@mail.net,38.44
598,ybJmroj,NA,user597@test.org,43.33
599,NA,47,none,25.37
600,ZZwDPnI,61,user599@example.com,62.76
601,FlqhMoA,29,user600@example.com,83.99
602,12345,-5,NA,89.84
603,UTUoYVF,40,user602@example.com,NA
604,nOIBjsd,55,user603@mail.net,1000
605,YfkKBQA,18,user604#notanemail,92.72
606,oVuguMv,56,user605@mail.net,92.35
607,vMHpjaD,38,user606@example.com,11.79
608,jsMDrQV,22,user607@example.com,48.05
609,OTboeEX,56,user608@example.com,83.5
610,IiWfYeD,none,user609@test.org,56.68
611,KbtRHEP,52,user610@mail.net,32.46
612,XwmmJsM,18,,60.15
613,SypdoTO,29,user612@mail.net,43.97
614,znyKHsO,none,user613@test.org,-15
615,vSBhTxP,,user614@example.com,56.84
616,nAGKRJp,47,user615@test.org,10.32
617,nVakxak,21,user616@example.com,76.19
618,vkCsaGT,40,user617@example.com,57.58
619,WwlGOdE,57,user618@test.org,43.24
619,WwlGOdE,57,user618@test.org,43.24
620,iayfPEM,121,user619#notanemail,27.36
621,QnNiDKH,48,user620#notanemail,15.9
622,WnKdEiT,27,user621@mail.net,71.76
623,oGRKANi,-5,user622@test.org,16.25
624,LsdZAJb,25,user623@test.org,93.0
625,godkoAi,57,user624@example.com,73.16
625,godkoAi,57,user624@example.com,73.16
626,WlWXKbo,62,none,65.84
627,oJKTQQN,28,user626@test.org,13.56
628,feFahyv,44,user627@mail.net,83.41
629,iMWtqRG,null,not_an_email,94.95
630,vTunNbT,32,user629@test.org,28.64
631,iMZoRZa,19,user630@mail.net,80.05
632,NjUbuot,28,user631@example.com,1000
633,hOjyVGR,61,user632@mail.net,1000
634,DFKAfmH,20,user633@mail.net,20.35
635,QiEqrKV,999,user634@test.org,NA
636,VHodIMD,50,user635@mail.net,50.89
637,rWJkSWA,58,NaN,9.55
638,GEaokyK,44,user637@mail.net,53.98
639,shEScTX,NaN,user638@test.org,83.82
640,CvkCaNS,25,user639@mail.net,77.12
641,DFTLVfL,60,user640@mail.net,31.5
642,ysWRLCy,38,user641@example.com,95.42
643,zQUFmOC,58,user642@example.com,2.79
644,JmcldqI,53,user643@example.com,82.04
645,xTTajPD,46,user644@test.org,42.78
646,zedQqDF,26,user645@test.org,66.29
647,lmSMPoQ,,user646@test.org,56.25
648,KOqPCWq,65,user647@test.org,22.86
649,aFZTUkh,65,user648@mail.net,55.46
650,drKCViY,26,user649@mail.net,89.74
651,CKAqVqH,null,not_an_email,77.54
652,XSUfUpy,61,not_an_email,12.91
653,qhWJhRX,65,user652@test.org,74.1
654,EjYEnTI,23,none,23.13
655,bikpjJy,64,user654@mail.net,70.28
656,PrpUooF,53,user655@test.org,23.37
657,CuCcndI,60,user656@mail.net,190.57
658,qEXXRVK,38,user657@mail.net,19.9
659,CoSKagr,38,user658@mail.net,92.95
660,YTEkzsw,21,user659@example.com,NaN
661,wmHPBER,32,user660@example.com,24.2
662,none,18,NaN,45.92
663,DoWFYCE,,not_an_email,136.82
664,null,44,user663@example.com,16.72
665,LuMCbYK,60,user664@mail.net,1000
666,aGOEfcC,57,user665@example.com,-15
667,HlJnmRS,999,user666@example.com,96.41
668,rbQEYMi,20,user667@test.org,22.0
669,HKrnzYf,30,user668@mail.net,91.48
670,PglvJYm,41,NA,82.9
671,qKTPOEc,0,user670@mail.net,1000
672,KSnDail,43,user671@mail.net,83.46
673,gtywnaq,0,user672@example.com,2.58
674,ZDVQzoW,21,user673@test.org,17.54
675,YIkxOMG,38,user674@test.org,68.14
676,sFXBMMj,53,user675@example.com,78.36
677,RhBxjfP,51,user676@example.com,67.49
678,reILrVq,59,user677@example.com,98.78
679,kdQKdiP,37,user678@test.org,41.91
679,kdQKdiP,37,user678@test.org,41.91
680,rcxYMOu,25,user679@test.org,null
681,DZZeHJq,-5,user680@example.com,34.63
682,JmEUXkV,18,user681@test.org,37.85
683,dezBjPF,48,user682@mail.net,27.47
684,ATlehGg,37,user683@test.org,84.8
685,mXnWQbN,48,user684@example.com,87.04
686,EUhKoQq,23,null,null
687,GiyFAvu,35,user686@mail.net,3.76
688,CnkMTWc,40,not_an_email,76.94
689,ysVhlrQ,30,user688@example.com,88.45
690,xVtJrQI,27,user689@mail.net,50.11
691,NNNcBAK,47,user690@mail.net,37.05
692,WsdgOdw,54,user691#notanemail,73.8
693,nhdyYTK,,user692@mail.net,abc
694,SwPtzWD,19,user693@test.org,3.61
695,wCVojmc,46,user694@test.org,10.46
695,wCVojmc,46,user694@test.org,10.46
696,null,43,user695#notanemail,abc
697,tFisXPD,36,user696@mail.net,93.08
698,NaN,55,user697@mail.net,67.71
698,NaN,55,user697@mail.net,67.71
699,GDqVYLd,38,user698@example.com,55.81
700,UnXlmWW,63,user699@test.org,96.7
701,InOkROG,59,user700@test.org,57.15
702,QGbjnJN,44,user701@mail.net,96.98
703,TGwglzk,-5,user702@test.org,-15
704,qholgNK,38,user703@mail.net,36.99
704,qholgNK,38,user703@mail.net,36.99
705,YBIwsLb,28,user704@example.com,43.29
706,cMZNNPs,43,user705@mail.net,38.58
707,null,50,user706@mail.net,63.4
708,VNdGHOL,21,user707@mail.net,98.05
709,lLxtwlM,48,user708@example.com,46.59
710,pbYPVIw,24,user709@example.com,49.85
711,nXkojCm,47,user710@mail.net,35.16
712,GlIDnou,56,user711@mail.net,82.52
713,WkMzMqa,44,user712#notanemail,7.44
714,bXXFBmX,999,user713@example.com,null
715,CBuDTMO,35,user714@mail.net,9.74
716,SfAxMcj,56,user715@example.com,null
717,uDSrfgK,null,user716@test.org,63.26
718,12345,46,user717@mail.net,30.61
719,eBYuQRJ,NaN,user718@mail.net,65.96
720,yaJbmBm,999,user719@example.com,22.15
721,OxOEabE,32,user720@mail.net,1.77
722,tvKVTxU,23,not_an_email,abc
723,TmNPWPV,19,user722@example.com,abc
724,dMBrIvg,19,user723@example.com,92.87
725,GDyJEQh,41,user724@mail.net,48.39
726,fDoYARU,62,user725@test.org,21.67
727,zbyUiGW,57,user726@test.org,26.41
728,lKDPoux,22,user727@mail.net,87.14
729,ObENogF,30,user728@mail.net,10.77
730,DnljHhL,22,user729@mail.net,10.32
731,uNWjOPP,NaN,user730@mail.net,77.51
732,UVNewbn,38,user731@example.com,42.62
733,ARQWeDG,35,user732@example.com,74.84
734,xhTaPgE,38,user733@test.org,23.8
735,PjZvWti,22,user734@example.com,44.27
735,PjZvWti,22,user734@example.com,44.27
736,12345,24,user735@mail.net,NaN
737,HNMoHdE,25,user736@example.com,61.17
738,12345,18,user737@example.com,23.68
739,PrVQEPd,28,user738@test.org,6.12
740,ruQdENO,147,user739@mail.net,12.88
741,12345,55,user740#notanemail,25.37
742,ceRJPfx,29,user741@mail.net,37.7
742,ceRJPfx,29,user741@mail.net,37.7
743,zdlmBrt,25,user742@test.org,11.06
744,,38,not_an_email,78.22
745,jNhqQsr,65,user744@example.com,28.71
746,AXCTeiP,47,user745@mail.net,21.2
747,iefZMKl,42,user746@test.org,79.85
748,DiiWwMJ,46,user747@mail.net,88.79
749,qhCTDDW,42,user748@test.org,46.23
750,SIpwYmZ,999,user749@example.com,95.77
751,EmiRyMe,55,user750@mail.net,65.76
752,PqjCMWy,NaN,user751@test.org,83.31
753,CTywdNs,34,user752@test.org,69.82
754,NlJDYLX,65,user753@example.com,23.17
755,,53,user754@example.com,92.7
756,DcrejXT,54,user755@test.org,44.01
757,cJxMlTs,63,user756@mail.net,15.39
758,UwKXgrR,37,user757@example.com,56.48
759,wbXpCWJ,37,not_an_email,97.73
760,BgULrhX,30,user759@mail.net,87.97
760,BgULrhX,30,user759@mail.net,87.97
761,xBsYmtv,NA,user760@test.org,13.3
762,LlfqTbv,54,user761@mail.net,-15
763,VjRLEAU,999,user762@test.org,35.82
764,WAMwDLH,29,user763@test.org,60.06
765,LNPDUhR,30,none,none
766,IKTVIVD,51,user765@example.com,17.62
767,ECJZxqH,32,user766@test.org,65.27
768,pLWtcvJ,999,user767@test.org,43.63
769,QBaaZvc,33,user768@test.org,16.36
770,AkOXnFm,26,user769@example.com,81.33
771,muQtyUl,64,user770@mail.net,63.51
772,MrUCAnN,65,not_an_email,50.85
773,MbRFoAz,40,user772@mail.net,NaN
774,,36,user773@example.com,44.02
775,oEMHodS,26,user774@test.org,abc
776,NaN,57,user775@mail.net,25.12
777,YjDieHJ,28,user776@mail.net,51.06
778,,21,user777@mail.net,60.62
779,QeKLlQq,19,user778@test.org,none
780,LnYFIYL,30,user779@example.com,25.13
781,NaN,33,user780@mail.net,61.77
782,IhwNZjw,36,user781@example.com,85.42
783,none,58,user782@example.com,57.09
784,othlhfj,34,user783@mail.net,84.14
785,QmSBpRV,55,user784@test.org,98.61
786,SmNyLTR,33,user785@example.com,71.96
787,NA,24,user786@mail.net,12.89
788,hyBRyjp,51,user787@example.com,2.18
789,jvTXBDJ,53,user788@test.org,none
790,fPrlUXc,50,user789@mail.net,69.24
791,YfMZSwV,53,user790@mail.net,21.0
792,UTjYXGS,27,null,84.14
792,UTjYXGS,27,null,84.14
793,QUEuKkF,65,user792@test.org,72.77
794,NaN,34,user793@mail.net,null
795,sbvlbBf,29,user794@test.org,96.87
795,sbvlbBf,29,user794@test.org,96.87
796,,54,user795@example.com,23.35
797,null,53,user796@test.org,91.32
798,null,50,user797@example.com,NaN
799,axfsRgP,33,user798@mail.net,64.42
799,axfsRgP,33,user798@mail.net,64.42
800,YRkHLOZ,23,user799@example.com,35.16
801,RehABjZ,20,user800@example.com,42.54
802,uMVVYLy,47,user801@mail.net,9.07
803,FdyBVeh,22,user802@test.org,28.55
804,AiSFJSE,25,not_an_email,17.85
805,vGwSnuz,28,user804@mail.net,54.41
806,xQzNdrN,null,user805@test.org,123.26
807,fIfNPvE,25,user806@mail.net,61.65
808,JJQHuUW,59,user807@example.com,19.55
809,mXyqlFk,65,user808@test.org,7.19
810,RUhnJhc,56,user809@mail.net,95.14
811,qVvkjuf,30,user810@example.com,23.61
812,IekjCkq,49,user811#notanemail,
813,muGSlSB,0,user812@mail.net,11.95
814,NaN,32,user813@example.com,35.98
815,GhcNeBn,,user814#notanemail,98.99
816,iKzsEka,29,user815@test.org,64.06
817,oVvhrMn,45,user816@example.com,25.2
818,VTMKDXR,130,user817@mail.net,none
819,NA,21,user818@test.org,2.11
820,RYFGnPY,999,user819@example.com,47.88
821,WxYuyfs,49,user820@example.com,1000
822,niVfkin,55,user821@test.org,40.16
823,PyfKjcK,65,user822@example.com,34.17
824,podjxNt,55,user823#notanemail,8.51
825,INcWADe,35,user824@example.com,78.56
826,syVemqT,32,not_an_email,133.87
827,,51,user826@test.org,54.25
828,12345,34,user827@test.org,2.94
829,eERIvNr,63,user828@mail.net,7.42
830,RpygYgX,23,user829@test.org,65.1
831,LUGkXwo,35,user830@test.org,abc
832,WGbenZk,29,user831#notanemail,5.59
833,xEfUzzu,-5,user832@example.com,19.99
834,vMQGVKK,999,user833@mail.net,18.84
835,NXQyUeU,null,user834@example.com,47.62
836,KrVbcAn,64,NA,48.97
837,CuVXLyh,52,NA,26.32
838,none,30,user837@mail.net,33.98
839,zZDyqpr,18,user838@test.org,24.36
840,AbXjjsG,64,not_an_email,31.85
841,IXKXgJE,46,user840@example.com,80.44
841,IXKXgJE,46,user840@example.com,80.44
842,AcAbWUC,65,user841@mail.net,33.58
843,EWTFVOS,39,user842@test.org,88.67
844,HxOUXbr,44,user843@example.com,18.77
845,WVHzqOz,46,user844@example.com,22.4
846,GQpjZNZ,62,user845@mail.net,1000
847,HErIPPC,30,not_an_email,53.71
848,aJOKRbk,47,user847@example.com,66.05
849,EcQkPCP,56,user848@mail.net,null
850,BIVpVkI,31,user849@test.org,51.73
851,yKlkoqd,19,user850@mail.net,6.52
852,gabDfav,41,user851@example.com,43.71
853,VaeamNM,20,user852@test.org,51.34
854,,50,user853@example.com,43.72
855,NA,999,user854@test.org,125.51
856,iGMENtu,56,user855@mail.net,86.59
857,aMWyXaE,20,user856@mail.net,19.93
858,oSRYheJ,40,not_an_email,28.24
859,XApXPrL,50,not_an_email,
860,jntnrBz,54,user859@test.org,91.83
861,mRNJgAW,35,user860@mail.net,14.25
862,JHqjpff,48,user861@mail.net,99.75
863,nkmfwYc,39,user862@example.com,46.63
863,nkmfwYc,39,user862@example.com,46.63
864,mJVUcuA,24,null,96.81
865,dYawyfs,44,user864@test.org,52.1
866,null,null,user865@example.com,6.34
867,NaN,52,user866@mail.net,23.19
868,MrGpKlm,25,not_an_email,13.95
869,MHCowBE,-5,user868@test.org,17.8
870,krGaClv,30,NaN,40.93
871,lwgoXlZ,32,user870@test.org,60.01
872,XUWuyRA,63,user871@example.com,10.29
873,PsGLNAV,116,user872@mail.net,82.42
874,gEYhunY,48,user873@example.com,59.92
875,TgfssyD,34,user874@mail.net,71.33
876,FjnYNka,36,none,75.24
877,none,22,user876@mail.net,47.81
878,ZMVnFBh,null,user877@test.org,NaN
879,NDIBNTS,51,user878@example.com,10.55
880,qfUKKUe,46,user879@mail.net,95.05
881,nVlTCMF,18,user880@test.org,56.69
882,OdUkkMr,40,user881@example.com,12.17
883,xBlinsY,53,user882@example.com,25.98
884,RzJfdHw,27,user883#notanemail,40.93
885,xSraTsa,133,user884@test.org,84.58
886,lnWxfAv,31,user885@test.org,25.26
887,12345,49,user886@test.org,5.62
888,uKAgLNv,26,user887#notanemail,12.43
889,wtVhTjd,41,user888@test.org,54.36
890,aiLbqbO,57,user889@test.org,17.84
891,12345,,not_an_email,50.6
892,XaKusHp,36,user891@mail.net,36.94
893,wMsTNoJ,48,user892@example.com,77.6
894,miKNdYK,23,user893@example.com,-15
895,dollFFk,59,user894@test.org,NaN
896,plLbGWa,27,user895@mail.net,83.7
897,KGZyYZX,51,null,1000
898,bnrAvfs,24,user897@example.com,25.35
899,TNzkLjS,114,user898#notanemail,49.47
900,FzenXxQ,47,null,12.16
416,CzcNacJ,27,user415@test.org,NaN
78,TLCPwEa,35,user77@test.org,171.37
629,iMWtqRG,null,not_an_email,94.95
292,PpRYWaa,61,user291@example.com,56.25
